Title,Media URL,Pinterest board,Thumbnail,Description,Link,Publish date,Keywords
"Citation : si un coucher de soleil peut te faire pleurer, c’est une bonne nouvelle",https://sabinexoxo19-blip.github.io/sabine-reels/pines/0004.jpg,Citations bienveillance et développement personnel,,"Si un coucher de soleil peut te faire pleurer, c’est une bonne nouvelle. Le même capteur, pour la douleur comme pour la beauté. Une vérité du livre « 101 vérités que ton hypersensibilité essaie de te dire » de Sabine Mercier, pour celles et ceux qu’on a toujours trouvés « trop ». Enregistre-la pour les jours où tu en as besoin.",https://www.amazon.fr/dp/B0H8PYJKFB/ref=pin_0004,2026-10-11T18:45:00,"citation développement personnel, citations bienveillance, phrase inspirante"
Hypersensibilité : tu « sens » les gens avant qu’ils parlent ? Ce n’est pas magique,https://sabinexoxo19-blip.github.io/sabine-reels/pines/0005.jpg,Hypersensibilité : citations et conseils,,"Tu « sens » les gens avant qu’ils parlent ? Ce n’est pas magique. Ton intuition ne te dit pas n’importe quoi. Elle a juste calculé plus vite que toi. Une vérité du livre « 101 vérités que ton hypersensibilité essaie de te dire » de Sabine Mercier, pour celles et ceux qu’on a toujours trouvés « trop ». Enregistre-la pour les jours où tu en as besoin.",https://www.amazon.fr/dp/B0H8PYJKFB/ref=pin_0005,2026-10-12T10:15:00,"hypersensibilité, hypersensible, haute sensibilité, citation hypersensibilité"
"Hypersensible : ce néon qui grésille, personne ne l’entend… sauf toi",https://sabinexoxo19-blip.github.io/sabine-reels/pines/0006.jpg,Hypersensible au quotidien,,"Ce néon qui grésille, personne ne l’entend… sauf toi. Un casque, une pièce calme : ce n’est pas un luxe, c’est un réglage. Une vérité du livre « 101 vérités que ton hypersensibilité essaie de te dire » de Sabine Mercier, pour celles et ceux qu’on a toujours trouvés « trop ». Enregistre-la pour les jours où tu en as besoin.",https://www.amazon.fr/dp/B0H8PYJKFB/ref=pin_0006,2026-10-12T18:45:00,"hypersensible, fatigue émotionnelle, besoin de calme, introverti"
Hypersensibilité : ton besoin de plaire n’est pas une faiblesse. C’est un radar,https://sabinexoxo19-blip.github.io/sabine-reels/pines/0007.jpg,Hypersensibilité : citations et conseils,,"Ton besoin de plaire n’est pas une faiblesse. C’est un radar. Tu n’as jamais quémandé. Tu captes juste plus fort que les autres. Une vérité du livre « 101 vérités que ton hypersensibilité essaie de te dire » de Sabine Mercier, pour celles et ceux qu’on a toujours trouvés « trop ». Enregistre-la pour les jours où tu en as besoin.",https://www.amazon.fr/dp/B0H8PYJKFB/ref=pin_0007,2026-10-13T10:15:00,"hypersensibilité, hypersensible, haute sensibilité, citation hypersensibilité"
Citation : tu n’as jamais été trop. Tu as toujours été toi,https://sabinexoxo19-blip.github.io/sabine-reels/pines/0008.jpg,Citations bienveillance et développement personnel,,"Tu n’as jamais été trop. Tu as toujours été toi. Une personne sur cinq environ est faite comme toi. Une vérité du livre « 101 vérités que ton hypersensibilité essaie de te dire » de Sabine Mercier, pour celles et ceux qu’on a toujours trouvés « trop ». Enregistre-la pour les jours où tu en as besoin.",https://www.amazon.fr/dp/B0H8PYJKFB/ref=pin_0008,2026-10-13T18:45:00,"citation développement personnel, citations bienveillance, phrase inspirante"
Hypersensibilité : tu pleures « pour un rien » ? C’est une soupape,https://sabinexoxo19-blip.github.io/sabine-reels/pines/0009.jpg,Hypersensibilité : citations et conseils,,"Tu pleures « pour un rien » ? C’est une soupape. Laisse couler quand ça vient. Ce ne sont pas des larmes de faiblesse. Une vérité du livre « 101 vérités que ton hypersensibilité essaie de te dire » de Sabine Mercier, pour celles et ceux qu’on a toujours trouvés « trop ». Enregistre-la pour les jours où tu en as besoin.",https://www.amazon.fr/dp/B0H8PYJKFB/ref=pin_0009,2026-10-14T10:15:00,"hypersensibilité, hypersensible, haute sensibilité, citation hypersensibilité"
Citation : un rien t’agace en fin de journée ? Ton réservoir est plein,https://sabinexoxo19-blip.github.io/sabine-reels/pines/0010.jpg,Citations bienveillance et développement personnel,,"Un rien t’agace en fin de journée ? Ton réservoir est plein. Tu n’es pas quelqu’un de désagréable. Tu es quelqu’un de saturé. Une vérité du livre « 101 vérités que ton hypersensibilité essaie de te dire » de Sabine Mercier, pour celles et ceux qu’on a toujours trouvés « trop ». Enregistre-la pour les jours où tu en as besoin.",https://www.amazon.fr/dp/B0H8PYJKFB/ref=pin_0010,2026-10-14T18:45:00,"citation développement personnel, citations bienveillance, phrase inspirante"
Hypersensibilité : quelle vérité t’a fait dire : « c’est moi » ?,https://sabinexoxo19-blip.github.io/sabine-reels/pines/0011.jpg,Hypersensibilité : citations et conseils,,"Quelle vérité t’a fait dire : « c’est moi » ? Quelque part dans ces 101 vérités, il y en a une écrite pour toi. Une vérité du livre « 101 vérités que ton hypersensibilité essaie de te dire » de Sabine Mercier, pour celles et ceux qu’on a toujours trouvés « trop ». Enregistre-la pour les jours où tu en as besoin.",https://www.amazon.fr/dp/B0H8PYJKFB/ref=pin_0011,2026-10-15T10:15:00,"hypersensibilité, hypersensible, haute sensibilité, citation hypersensibilité"
Hypersensible : ton besoin de solitude n’est pas un repli,https://sabinexoxo19-blip.github.io/sabine-reels/pines/0012.jpg,Hypersensible au quotidien,,"Ton besoin de solitude n’est pas un repli. Ce n’est pas une fuite du monde. C’est l’endroit où tu te recharges. Une vérité du livre « 101 vérités que ton hypersensibilité essaie de te dire » de Sabine Mercier, pour celles et ceux qu’on a toujours trouvés « trop ». Enregistre-la pour les jours où tu en as besoin.",https://www.amazon.fr/dp/B0H8PYJKFB/ref=pin_0012,2026-10-15T18:45:00,"hypersensible, fatigue émotionnelle, besoin de calme, introverti"
Hypersensibilité : tu souffres plus que les autres ? Tu fleuris plus aussi,https://sabinexoxo19-blip.github.io/sabine-reels/pines/0013.jpg,Hypersensibilité : citations et conseils,,"Tu souffres plus que les autres ? Tu fleuris plus aussi. Tes lieux, tes gens, tes rythmes : pour toi, l’environnement n’est pas un détail. Une vérité du livre « 101 vérités que ton hypersensibilité essaie de te dire » de Sabine Mercier, pour celles et ceux qu’on a toujours trouvés « trop ». Enregistre-la pour les jours où tu en as besoin.",https://www.amazon.fr/dp/B0H8PYJKFB/ref=pin_0013,2026-10-16T10:15:00,"hypersensibilité, hypersensible, haute sensibilité, citation hypersensibilité"
Citation : tu as le droit de partir plus tôt,https://sabinexoxo19-blip.github.io/sabine-reels/pines/0014.jpg,Citations bienveillance et développement personnel,,"Tu as le droit de partir plus tôt. Ton confort ne compte pas moins que le leur. Une vérité du livre « 101 vérités que ton hypersensibilité essaie de te dire » de Sabine Mercier, pour celles et ceux qu’on a toujours trouvés « trop ». Enregistre-la pour les jours où tu en as besoin.",https://www.amazon.fr/dp/B0H8PYJKFB/ref=pin_0014,2026-10-16T18:45:00,"citation développement personnel, citations bienveillance, phrase inspirante"
Anxiété : et si ton anxiété était ton corps qui dit stop ?,https://sabinexoxo19-blip.github.io/sabine-reels/pines/0015.jpg,Anxiété et émotions,,"Et si ton anxiété était ton corps qui dit stop ? Ton corps ne sait pas dire « je suis saturé » avec des mots. Alors il le dit autrement. Une vérité du livre « 101 vérités que ton hypersensibilité essaie de te dire » de Sabine Mercier, pour celles et ceux qu’on a toujours trouvés « trop ». Enregistre-la pour les jours où tu en as besoin.",https://www.amazon.fr/dp/B0H8PYJKFB/ref=pin_0015,2026-10-17T10:15:00,"anxiété, gestion des émotions, stress, apaiser son anxiété"
Hypersensible : pourquoi une foule t’épuise autant ? Voici la raison,https://sabinexoxo19-blip.github.io/sabine-reels/pines/0016.jpg,Hypersensible au quotidien,,"Pourquoi une foule t’épuise autant ? Voici la raison. La foule, pour toi, ce n’est jamais une seule chose. C’est cent choses à la fois. Une vérité du livre « 101 vérités que ton hypersensibilité essaie de te dire » de Sabine Mercier, pour celles et ceux qu’on a toujours trouvés « trop ». Enregistre-la pour les jours où tu en as besoin.",https://www.amazon.fr/dp/B0H8PYJKFB/ref=pin_0016,2026-10-17T18:45:00,"hypersensible, fatigue émotionnelle, besoin de calme, introverti"
Hypersensibilité : on te dit que tu te fais des idées ? Tu vois en HD,https://sabinexoxo19-blip.github.io/sabine-reels/pines/0017.jpg,Hypersensibilité : citations et conseils,,"On te dit que tu te fais des idées ? Tu vois en HD. Ce qu’on appelle « trop analyser », c’est percevoir ce que les autres ne perçoivent pas. Une vérité du livre « 101 vérités que ton hypersensibilité essaie de te dire » de Sabine Mercier, pour celles et ceux qu’on a toujours trouvés « trop ». Enregistre-la pour les jours où tu en as besoin.",https://www.amazon.fr/dp/B0H8PYJKFB/ref=pin_0017,2026-10-18T10:15:00,"hypersensibilité, hypersensible, haute sensibilité, citation hypersensibilité"
"Citation : je m’en voulais du contrecoup. Maintenant, je le planifie",https://sabinexoxo19-blip.github.io/sabine-reels/pines/0018.jpg,Citations bienveillance et développement personnel,,"Je m’en voulais du contrecoup. Maintenant, je le planifie. Le lendemain, ton système paie l’addition. Autant le prévoir. Une vérité du livre « 101 vérités que ton hypersensibilité essaie de te dire » de Sabine Mercier, pour celles et ceux qu’on a toujours trouvés « trop ». Enregistre-la pour les jours où tu en as besoin.",https://www.amazon.fr/dp/B0H8PYJKFB/ref=pin_0018,2026-10-18T18:45:00,"citation développement personnel, citations bienveillance, phrase inspirante"
Hypersensibilité : dire non te fait mal ? C’est réel,https://sabinexoxo19-blip.github.io/sabine-reels/pines/0019.jpg,Hypersensibilité : citations et conseils,,"Dire non te fait mal ? C’est réel. Le non ne sera jamais indolore. Mais tu peux le dire quand même. Une vérité du livre « 101 vérités que ton hypersensibilité essaie de te dire » de Sabine Mercier, pour celles et ceux qu’on a toujours trouvés « trop ». Enregistre-la pour les jours où tu en as besoin.",https://www.amazon.fr/dp/B0H8PYJKFB/ref=pin_0019,2026-10-19T10:15:00,"hypersensibilité, hypersensible, haute sensibilité, citation hypersensibilité"
Citation : solide ne veut pas dire dur,https://sabinexoxo19-blip.github.io/sabine-reels/pines/0020.jpg,Citations bienveillance et développement personnel,,"Solide ne veut pas dire dur. Les plus solides sont souvent ceux qui ressentent le plus. Une vérité du livre « 101 vérités que ton hypersensibilité essaie de te dire » de Sabine Mercier, pour celles et ceux qu’on a toujours trouvés « trop ». Enregistre-la pour les jours où tu en as besoin.",https://www.amazon.fr/dp/B0H8PYJKFB/ref=pin_0020,2026-10-19T18:45:00,"citation développement personnel, citations bienveillance, phrase inspirante"
Anxiété : tout va bien et tu angoisses quand même ?,https://sabinexoxo19-blip.github.io/sabine-reels/pines/0021.jpg,Anxiété et émotions,,"Tout va bien et tu angoisses quand même ? Ça se travaille, doucement, sans te juger d’y être encore. Une vérité du livre « 101 vérités que ton hypersensibilité essaie de te dire » de Sabine Mercier, pour celles et ceux qu’on a toujours trouvés « trop ». Enregistre-la pour les jours où tu en as besoin.",https://www.amazon.fr/dp/B0H8PYJKFB/ref=pin_0021,2026-10-20T10:15:00,"anxiété, gestion des émotions, stress, apaiser son anxiété"
Hypersensible : ta fatigue n’est pas de la paresse,https://sabinexoxo19-blip.github.io/sabine-reels/pines/0022.jpg,Hypersensible au quotidien,,"Ta fatigue n’est pas de la paresse. Une dépense invisible reste une vraie dépense. Une vérité du livre « 101 vérités que ton hypersensibilité essaie de te dire » de Sabine Mercier, pour celles et ceux qu’on a toujours trouvés « trop ». Enregistre-la pour les jours où tu en as besoin.",https://www.amazon.fr/dp/B0H8PYJKFB/ref=pin_0022,2026-10-20T18:45:00,"hypersensible, fatigue émotionnelle, besoin de calme, introverti"
Hypersensibilité : ce qu’on te reproche et ce que c’est vraiment,https://sabinexoxo19-blip.github.io/sabine-reels/pines/0023.jpg,Hypersensibilité : citations et conseils,,"Ce qu’on te reproche et ce que c’est vraiment. On a souvent mal traduit ce que tu vis. Une vérité du livre « 101 vérités que ton hypersensibilité essaie de te dire » de Sabine Mercier, pour celles et ceux qu’on a toujours trouvés « trop ». Enregistre-la pour les jours où tu en as besoin.",https://www.amazon.fr/dp/B0H8PYJKFB/ref=pin_0023,2026-10-21T10:15:00,"hypersensibilité, hypersensible, haute sensibilité, citation hypersensibilité"
Citation : au bord des larmes dans un supermarché trop éclairé ?,https://sabinexoxo19-blip.github.io/sabine-reels/pines/0024.jpg,Citations bienveillance et développement personnel,,"Au bord des larmes dans un supermarché trop éclairé ? C’est dans cette honnêteté que la réconciliation devient possible. Une vérité du livre « 101 vérités que ton hypersensibilité essaie de te dire » de Sabine Mercier, pour celles et ceux qu’on a toujours trouvés « trop ». Enregistre-la pour les jours où tu en as besoin.",https://www.amazon.fr/dp/B0H8PYJKFB/ref=pin_0024,2026-10-21T18:45:00,"citation développement personnel, citations bienveillance, phrase inspirante"
Hypersensibilité : tu sens l’ambiance d’une pièce avant qu’on parle ?,https://sabinexoxo19-blip.github.io/sabine-reels/pines/0025.jpg,Hypersensibilité : citations et conseils,,"Tu sens l’ambiance d’une pièce avant qu’on parle ? Tu n’inventes pas ces ambiances. Tu les perçois, avant les mots. Une vérité du livre « 101 vérités que ton hypersensibilité essaie de te dire » de Sabine Mercier, pour celles et ceux qu’on a toujours trouvés « trop ». Enregistre-la pour les jours où tu en as besoin.",https://www.amazon.fr/dp/B0H8PYJKFB/ref=pin_0025,2026-10-22T10:15:00,"hypersensibilité, hypersensible, haute sensibilité, citation hypersensibilité"
Citation : la nature te calme plus que tout ? C’est physiologique,https://sabinexoxo19-blip.github.io/sabine-reels/pines/0026.jpg,Citations bienveillance et développement personnel,,"La nature te calme plus que tout ? C’est physiologique. Prends la nature au sérieux, comme un vrai outil. Une vérité du livre « 101 vérités que ton hypersensibilité essaie de te dire » de Sabine Mercier, pour celles et ceux qu’on a toujours trouvés « trop ». Enregistre-la pour les jours où tu en as besoin.",https://www.amazon.fr/dp/B0H8PYJKFB/ref=pin_0026,2026-10-22T18:45:00,"citation développement personnel, citations bienveillance, phrase inspirante"
Hypersensible : tes pensées tournent la nuit ? Ton cerveau range,https://sabinexoxo19-blip.github.io/sabine-reels/pines/0027.jpg,Hypersensible au quotidien,,"Tes pensées tournent la nuit ? Ton cerveau range. Ton cerveau ne rumine pas pour te torturer. Il cherche où poser. Une vérité du livre « 101 vérités que ton hypersensibilité essaie de te dire » de Sabine Mercier, pour celles et ceux qu’on a toujours trouvés « trop ». Enregistre-la pour les jours où tu en as besoin.",https://www.amazon.fr/dp/B0H8PYJKFB/ref=pin_0027,2026-10-23T10:15:00,"hypersensible, fatigue émotionnelle, besoin de calme, introverti"
Citation : envie soudaine de quitter la pièce ? C’est une sécurité,https://sabinexoxo19-blip.github.io/sabine-reels/pines/0028.jpg,Citations bienveillance et développement personnel,,"Envie soudaine de quitter la pièce ? C’est une sécurité. Un pas dehors, quelques minutes au calme : ce n’est pas de l’impolitesse. Une vérité du livre « 101 vérités que ton hypersensibilité essaie de te dire » de Sabine Mercier, pour celles et ceux qu’on a toujours trouvés « trop ». Enregistre-la pour les jours où tu en as besoin.",https://www.amazon.fr/dp/B0H8PYJKFB/ref=pin_0028,2026-10-23T18:45:00,"citation développement personnel, citations bienveillance, phrase inspirante"
Hypersensibilité : une critique te transperce ? C’est de la porosité,https://sabinexoxo19-blip.github.io/sabine-reels/pines/0029.jpg,Hypersensibilité : citations et conseils,,"Une critique te transperce ? C’est de la porosité. Un reproche te traverse vraiment. C’est déjà assez lourd. Une vérité du livre « 101 vérités que ton hypersensibilité essaie de te dire » de Sabine Mercier, pour celles et ceux qu’on a toujours trouvés « trop ». Enregistre-la pour les jours où tu en as besoin.",https://www.amazon.fr/dp/B0H8PYJKFB/ref=pin_0029,2026-10-24T10:15:00,"hypersensibilité, hypersensible, haute sensibilité, citation hypersensibilité"
Citation : on te dit que tu en fais trop ?,https://sabinexoxo19-blip.github.io/sabine-reels/pines/0030.jpg,Citations bienveillance et développement personnel,,"On te dit que tu en fais trop ? Ton « trop » est simplement ton juste. Une vérité du livre « 101 vérités que ton hypersensibilité essaie de te dire » de Sabine Mercier, pour celles et ceux qu’on a toujours trouvés « trop ». Enregistre-la pour les jours où tu en as besoin.",https://www.amazon.fr/dp/B0H8PYJKFB/ref=pin_0030,2026-10-24T18:45:00,"citation développement personnel, citations bienveillance, phrase inspirante"
Hypersensibilité : 3 gestes qui calment ton système mieux qu’une pensée,https://sabinexoxo19-blip.github.io/sabine-reels/pines/0031.jpg,Hypersensibilité : citations et conseils,,"3 gestes qui calment ton système mieux qu’une pensée. Quand l’angoisse monte, range l’analyse et va vers le corps. Une vérité du livre « 101 vérités que ton hypersensibilité essaie de te dire » de Sabine Mercier, pour celles et ceux qu’on a toujours trouvés « trop ». Enregistre-la pour les jours où tu en as besoin.",https://www.amazon.fr/dp/B0H8PYJKFB/ref=pin_0031,2026-10-25T11:15:00,"hypersensibilité, hypersensible, haute sensibilité, citation hypersensibilité"
Anxiété : tu ne ressens rien en pleine crise ? Ton cœur se protège,https://sabinexoxo19-blip.github.io/sabine-reels/pines/0032.jpg,Anxiété et émotions,,"Tu ne ressens rien en pleine crise ? Ton cœur se protège. Ce n’était pas un manque de cœur. C’était ton cœur qui se mettait à l’abri. Une vérité du livre « 101 vérités que ton hypersensibilité essaie de te dire » de Sabine Mercier, pour celles et ceux qu’on a toujours trouvés « trop ». Enregistre-la pour les jours où tu en as besoin.",https://www.amazon.fr/dp/B0H8PYJKFB/ref=pin_0032,2026-10-25T19:45:00,"anxiété, gestion des émotions, stress, apaiser son anxiété"
Hypersensibilité : tu excuses toujours ceux qui te blessent ? Voici pourquoi,https://sabinexoxo19-blip.github.io/sabine-reels/pines/0033.jpg,Hypersensibilité : citations et conseils,,"Tu excuses toujours ceux qui te blessent ? Voici pourquoi. Une main qui comprend, une main qui protège. Une vérité du livre « 101 vérités que ton hypersensibilité essaie de te dire » de Sabine Mercier, pour celles et ceux qu’on a toujours trouvés « trop ». Enregistre-la pour les jours où tu en as besoin.",https://www.amazon.fr/dp/B0H8PYJKFB/ref=pin_0033,2026-10-26T11:15:00,"hypersensibilité, hypersensible, haute sensibilité, citation hypersensibilité"
Citation : le monde a besoin de gens qui ressentent fort,https://sabinexoxo19-blip.github.io/sabine-reels/pines/0034.jpg,Citations bienveillance et développement personnel,,"Le monde a besoin de gens qui ressentent fort. Là où d’autres passent sans voir, toi tu remarques. Une vérité du livre « 101 vérités que ton hypersensibilité essaie de te dire » de Sabine Mercier, pour celles et ceux qu’on a toujours trouvés « trop ». Enregistre-la pour les jours où tu en as besoin.",https://www.amazon.fr/dp/B0H8PYJKFB/ref=pin_0034,2026-10-26T19:45:00,"citation développement personnel, citations bienveillance, phrase inspirante"
Anxiété : tu cherches pourquoi tu angoisses ? Ton mental invente,https://sabinexoxo19-blip.github.io/sabine-reels/pines/0035.jpg,Anxiété et émotions,,"Tu cherches pourquoi tu angoisses ? Ton mental invente. Souvent, la réponse est là. Et elle demande juste de te déposer. Une vérité du livre « 101 vérités que ton hypersensibilité essaie de te dire » de Sabine Mercier, pour celles et ceux qu’on a toujours trouvés « trop ». Enregistre-la pour les jours où tu en as besoin.",https://www.amazon.fr/dp/B0H8PYJKFB/ref=pin_0035,2026-10-27T11:15:00,"anxiété, gestion des émotions, stress, apaiser son anxiété"
Anxiété : une étiquette qui gratte peut ruiner ta journée ?,https://sabinexoxo19-blip.github.io/sabine-reels/pines/0036.jpg,Anxiété et émotions,,"Une étiquette qui gratte peut ruiner ta journée ? Pas qu’on s’en moque. Qu’on le retire. Une vérité du livre « 101 vérités que ton hypersensibilité essaie de te dire » de Sabine Mercier, pour celles et ceux qu’on a toujours trouvés « trop ». Enregistre-la pour les jours où tu en as besoin.",https://www.amazon.fr/dp/B0H8PYJKFB/ref=pin_0036,2026-10-27T19:45:00,"anxiété, gestion des émotions, stress, apaiser son anxiété"
Hypersensibilité : adorer les gens et avoir besoin du noir ensuite,https://sabinexoxo19-blip.github.io/sabine-reels/pines/0037.jpg,Hypersensibilité : citations et conseils,,"Adorer les gens et avoir besoin du noir ensuite. Tu vis tout intensément, y compris le repos. Une vérité du livre « 101 vérités que ton hypersensibilité essaie de te dire » de Sabine Mercier, pour celles et ceux qu’on a toujours trouvés « trop ». Enregistre-la pour les jours où tu en as besoin.",https://www.amazon.fr/dp/B0H8PYJKFB/ref=pin_0037,2026-10-28T11:15:00,"hypersensibilité, hypersensible, haute sensibilité, citation hypersensibilité"
"Hypersensible : un open space entier, et un seul néon qui me vrillait la tête",https://sabinexoxo19-blip.github.io/sabine-reels/pines/0038.jpg,Hypersensible au quotidien,,"Un open space entier, et un seul néon qui me vrillait la tête. Un casque, une pièce calme : j’ai fini par me les autoriser. Une vérité du livre « 101 vérités que ton hypersensibilité essaie de te dire » de Sabine Mercier, pour celles et ceux qu’on a toujours trouvés « trop ». Enregistre-la pour les jours où tu en as besoin.",https://www.amazon.fr/dp/B0H8PYJKFB/ref=pin_0038,2026-10-28T19:45:00,"hypersensible, fatigue émotionnelle, besoin de calme, introverti"
Hypersensibilité : aimer fort sans te perdre dans l’autre,https://sabinexoxo19-blip.github.io/sabine-reels/pines/0039.jpg,Hypersensibilité : citations et conseils,,"Aimer fort sans te perdre dans l’autre. Deux personnes entières qui se choisissent : c’est ça qui dure. Une vérité du livre « 101 vérités que ton hypersensibilité essaie de te dire » de Sabine Mercier, pour celles et ceux qu’on a toujours trouvés « trop ». Enregistre-la pour les jours où tu en as besoin.",https://www.amazon.fr/dp/B0H8PYJKFB/ref=pin_0039,2026-10-29T11:15:00,"hypersensibilité, hypersensible, haute sensibilité, citation hypersensibilité"
Citation : tu ne peux pas garder que les bons côtés,https://sabinexoxo19-blip.github.io/sabine-reels/pines/0040.jpg,Citations bienveillance et développement personnel,,"Tu ne peux pas garder que les bons côtés. « Je prends les deux, parce qu’ils sont une seule et même chose. » Une vérité du livre « 101 vérités que ton hypersensibilité essaie de te dire » de Sabine Mercier, pour celles et ceux qu’on a toujours trouvés « trop ». Enregistre-la pour les jours où tu en as besoin.",https://www.amazon.fr/dp/B0H8PYJKFB/ref=pin_0040,2026-10-29T19:45:00,"citation développement personnel, citations bienveillance, phrase inspirante"
"Anxiété : ton anxiété est une jauge, pas une ennemie",https://sabinexoxo19-blip.github.io/sabine-reels/pines/0041.jpg,Anxiété et émotions,,"Ton anxiété est une jauge, pas une ennemie. Elle n’est pas là pour te punir, mais pour t’avertir. Une vérité du livre « 101 vérités que ton hypersensibilité essaie de te dire » de Sabine Mercier, pour celles et ceux qu’on a toujours trouvés « trop ». Enregistre-la pour les jours où tu en as besoin.",https://www.amazon.fr/dp/B0H8PYJKFB/ref=pin_0041,2026-10-30T11:15:00,"anxiété, gestion des émotions, stress, apaiser son anxiété"
Citation : le silence n’est pas un luxe pour toi. C’est un besoin,https://sabinexoxo19-blip.github.io/sabine-reels/pines/0042.jpg,Citations bienveillance et développement personnel,,"Le silence n’est pas un luxe pour toi. C’est un besoin. Tu as le droit de réclamer ce calme, de le programmer, de le défendre. Une vérité du livre « 101 vérités que ton hypersensibilité essaie de te dire » de Sabine Mercier, pour celles et ceux qu’on a toujours trouvés « trop ». Enregistre-la pour les jours où tu en as besoin.",https://www.amazon.fr/dp/B0H8PYJKFB/ref=pin_0042,2026-10-30T19:45:00,"citation développement personnel, citations bienveillance, phrase inspirante"
Hypersensibilité : des heures pour choisir un plat ? Ton cerveau explore,https://sabinexoxo19-blip.github.io/sabine-reels/pines/0043.jpg,Hypersensibilité : citations et conseils,,"Des heures pour choisir un plat ? Ton cerveau explore. Pas de l’indécision : trop de choses à peser. Une vérité du livre « 101 vérités que ton hypersensibilité essaie de te dire » de Sabine Mercier, pour celles et ceux qu’on a toujours trouvés « trop ». Enregistre-la pour les jours où tu en as besoin.",https://www.amazon.fr/dp/B0H8PYJKFB/ref=pin_0043,2026-10-31T11:15:00,"hypersensibilité, hypersensible, haute sensibilité, citation hypersensibilité"
Anxiété : 4 phrases à te dire autrement,https://sabinexoxo19-blip.github.io/sabine-reels/pines/0044.jpg,Anxiété et émotions,,"4 phrases à te dire autrement. Les mots qu’on se dit changent la manière dont on se traite. Une vérité du livre « 101 vérités que ton hypersensibilité essaie de te dire » de Sabine Mercier, pour celles et ceux qu’on a toujours trouvés « trop ». Enregistre-la pour les jours où tu en as besoin.",https://www.amazon.fr/dp/B0H8PYJKFB/ref=pin_0044,2026-10-31T19:45:00,"anxiété, gestion des émotions, stress, apaiser son anxiété"
Hypersensibilité : tu portes les émotions de tout le monde ? Et toi ?,https://sabinexoxo19-blip.github.io/sabine-reels/pines/0045.jpg,Hypersensibilité : citations et conseils,,"Tu portes les émotions de tout le monde ? Et toi ? Prendre soin des autres est beau. Pas au point de t’oublier. Une vérité du livre « 101 vérités que ton hypersensibilité essaie de te dire » de Sabine Mercier, pour celles et ceux qu’on a toujours trouvés « trop ». Enregistre-la pour les jours où tu en as besoin.",https://www.amazon.fr/dp/B0H8PYJKFB/ref=pin_0045,2026-11-01T11:15:00,"hypersensibilité, hypersensible, haute sensibilité, citation hypersensibilité"
Citation : ta « faiblesse » est la source de ta plus belle richesse,https://sabinexoxo19-blip.github.io/sabine-reels/pines/0046.jpg,Citations bienveillance et développement personnel,,"Ta « faiblesse » est la source de ta plus belle richesse. On ne se débarrasse pas de ce qui nous rend vivant. Une vérité du livre « 101 vérités que ton hypersensibilité essaie de te dire » de Sabine Mercier, pour celles et ceux qu’on a toujours trouvés « trop ». Enregistre-la pour les jours où tu en as besoin.",https://www.amazon.fr/dp/B0H8PYJKFB/ref=pin_0046,2026-11-01T19:45:00,"citation développement personnel, citations bienveillance, phrase inspirante"
Anxiété : une angoisse « sans raison » ? Regarde autour de toi,https://sabinexoxo19-blip.github.io/sabine-reels/pines/0047.jpg,Anxiété et émotions,,"Une angoisse « sans raison » ? Regarde autour de toi. La cause est souvent dehors, pas dans un défaut mystérieux. Une vérité du livre « 101 vérités que ton hypersensibilité essaie de te dire » de Sabine Mercier, pour celles et ceux qu’on a toujours trouvés « trop ». Enregistre-la pour les jours où tu en as besoin.",https://www.amazon.fr/dp/B0H8PYJKFB/ref=pin_0047,2026-11-02T11:15:00,"anxiété, gestion des émotions, stress, apaiser son anxiété"
Citation : une scène violente à l’écran te fait mal pour de vrai ?,https://sabinexoxo19-blip.github.io/sabine-reels/pines/0048.jpg,Citations bienveillance et développement personnel,,"Une scène violente à l’écran te fait mal pour de vrai ? Tu as le droit de protéger tes yeux de certaines images. Une vérité du livre « 101 vérités que ton hypersensibilité essaie de te dire » de Sabine Mercier, pour celles et ceux qu’on a toujours trouvés « trop ». Enregistre-la pour les jours où tu en as besoin.",https://www.amazon.fr/dp/B0H8PYJKFB/ref=pin_0048,2026-11-02T19:45:00,"citation développement personnel, citations bienveillance, phrase inspirante"
Hypersensibilité : hypersensible ne veut pas dire timide,https://sabinexoxo19-blip.github.io/sabine-reels/pines/0049.jpg,Hypersensibilité : citations et conseils,,"Hypersensible ne veut pas dire timide. Deux choses différentes, qu’on confond trop souvent. Une vérité du livre « 101 vérités que ton hypersensibilité essaie de te dire » de Sabine Mercier, pour celles et ceux qu’on a toujours trouvés « trop ». Enregistre-la pour les jours où tu en as besoin.",https://www.amazon.fr/dp/B0H8PYJKFB/ref=pin_0049,2026-11-03T11:15:00,"hypersensibilité, hypersensible, haute sensibilité, citation hypersensibilité"
Citation : ton cœur ouvert n’oblige pas ta porte ouverte,https://sabinexoxo19-blip.github.io/sabine-reels/pines/0050.jpg,Citations bienveillance et développement personnel,,"Ton cœur ouvert n’oblige pas ta porte ouverte. Les gens les plus solides tendent une main en levant l’autre. Une vérité du livre « 101 vérités que ton hypersensibilité essaie de te dire » de Sabine Mercier, pour celles et ceux qu’on a toujours trouvés « trop ». Enregistre-la pour les jours où tu en as besoin.",https://www.amazon.fr/dp/B0H8PYJKFB/ref=pin_0050,2026-11-03T19:45:00,"citation développement personnel, citations bienveillance, phrase inspirante"
Hypersensibilité : ta sensibilité s’apaise le jour où tu cesses de la combattre,https://sabinexoxo19-blip.github.io/sabine-reels/pines/0051.jpg,Hypersensibilité : citations et conseils,,"Ta sensibilité s’apaise le jour où tu cesses de la combattre. Ce n’est pas une résignation. C’est une réconciliation. Une vérité du livre « 101 vérités que ton hypersensibilité essaie de te dire » de Sabine Mercier, pour celles et ceux qu’on a toujours trouvés « trop ». Enregistre-la pour les jours où tu en as besoin.",https://www.amazon.fr/dp/B0H8PYJKFB/ref=pin_0051,2026-11-04T11:15:00,"hypersensibilité, hypersensible, haute sensibilité, citation hypersensibilité"
Anxiété : réfléchir pour te calmer ? Ça l’alimente,https://sabinexoxo19-blip.github.io/sabine-reels/pines/0052.jpg,Anxiété et émotions,,"Réfléchir pour te calmer ? Ça l’alimente. Ton mental ne peut pas se calmer lui-même. Va chercher le calme ailleurs. Une vérité du livre « 101 vérités que ton hypersensibilité essaie de te dire » de Sabine Mercier, pour celles et ceux qu’on a toujours trouvés « trop ». Enregistre-la pour les jours où tu en as besoin.",https://www.amazon.fr/dp/B0H8PYJKFB/ref=pin_0052,2026-11-04T19:45:00,"anxiété, gestion des émotions, stress, apaiser son anxiété"
"Hypersensibilité : gorge serrée, ventre noué ? Ton corps te parle",https://sabinexoxo19-blip.github.io/sabine-reels/pines/0053.jpg,Hypersensibilité : citations et conseils,,"Gorge serrée, ventre noué ? Ton corps te parle. Il sait avant les mots. Une vérité du livre « 101 vérités que ton hypersensibilité essaie de te dire » de Sabine Mercier, pour celles et ceux qu’on a toujours trouvés « trop ». Enregistre-la pour les jours où tu en as besoin.",https://www.amazon.fr/dp/B0H8PYJKFB/ref=pin_0053,2026-11-05T11:15:00,"hypersensibilité, hypersensible, haute sensibilité, citation hypersensibilité"
Citation : « arrête d’y penser » n’a jamais marché. Voici pourquoi,https://sabinexoxo19-blip.github.io/sabine-reels/pines/0054.jpg,Citations bienveillance et développement personnel,,"« Arrête d’y penser » n’a jamais marché. Voici pourquoi. Cette manière de ressentir le monde est à toi, pour toujours. Une vérité du livre « 101 vérités que ton hypersensibilité essaie de te dire » de Sabine Mercier, pour celles et ceux qu’on a toujours trouvés « trop ». Enregistre-la pour les jours où tu en as besoin.",https://www.amazon.fr/dp/B0H8PYJKFB/ref=pin_0054,2026-11-05T19:45:00,"citation développement personnel, citations bienveillance, phrase inspirante"
Hypersensible : je rêvais de rentrer alors que la soirée battait son plein,https://sabinexoxo19-blip.github.io/sabine-reels/pines/0055.jpg,Hypersensible au quotidien,,"Je rêvais de rentrer alors que la soirée battait son plein. Ta solitude n’est pas de l’isolement. Elle te répare. Une vérité du livre « 101 vérités que ton hypersensibilité essaie de te dire » de Sabine Mercier, pour celles et ceux qu’on a toujours trouvés « trop ». Enregistre-la pour les jours où tu en as besoin.",https://www.amazon.fr/dp/B0H8PYJKFB/ref=pin_0055,2026-11-06T11:15:00,"hypersensible, fatigue émotionnelle, besoin de calme, introverti"
Citation : tu déclines les invitations ? Tu fais un tri,https://sabinexoxo19-blip.github.io/sabine-reels/pines/0056.jpg,Citations bienveillance et développement personnel,,"Tu déclines les invitations ? Tu fais un tri. Tu n’as pas besoin de beaucoup de monde. Tu as besoin des bonnes personnes. Une vérité du livre « 101 vérités que ton hypersensibilité essaie de te dire » de Sabine Mercier, pour celles et ceux qu’on a toujours trouvés « trop ». Enregistre-la pour les jours où tu en as besoin.",https://www.amazon.fr/dp/B0H8PYJKFB/ref=pin_0056,2026-11-06T19:45:00,"citation développement personnel, citations bienveillance, phrase inspirante"
Hypersensibilité : tu n’as pas trop de sensibilité. Pas assez d’espace,https://sabinexoxo19-blip.github.io/sabine-reels/pines/0057.jpg,Hypersensibilité : citations et conseils,,"Tu n’as pas trop de sensibilité. Pas assez d’espace. Ce que tu prenais pour un « trop » était exactement ce qu’il fallait. Une vérité du livre « 101 vérités que ton hypersensibilité essaie de te dire » de Sabine Mercier, pour celles et ceux qu’on a toujours trouvés « trop ». Enregistre-la pour les jours où tu en as besoin.",https://www.amazon.fr/dp/B0H8PYJKFB/ref=pin_0057,2026-11-07T11:15:00,"hypersensibilité, hypersensible, haute sensibilité, citation hypersensibilité"
Anxiété : ta sensibilité et ton anxiété ne sont pas la même chose,https://sabinexoxo19-blip.github.io/sabine-reels/pines/0058.jpg,Anxiété et émotions,,"Ta sensibilité et ton anxiété ne sont pas la même chose. Et ça, c’est possible. Une vérité du livre « 101 vérités que ton hypersensibilité essaie de te dire » de Sabine Mercier, pour celles et ceux qu’on a toujours trouvés « trop ». Enregistre-la pour les jours où tu en as besoin.",https://www.amazon.fr/dp/B0H8PYJKFB/ref=pin_0058,2026-11-07T19:45:00,"anxiété, gestion des émotions, stress, apaiser son anxiété"
Hypersensibilité : ta nuque toujours dure ? Ton corps garde le score,https://sabinexoxo19-blip.github.io/sabine-reels/pines/0059.jpg,Hypersensibilité : citations et conseils,,"Ta nuque toujours dure ? Ton corps garde le score. Ce ne sont pas des maux imaginaires. C’est du trop-plein qui a pris forme. Une vérité du livre « 101 vérités que ton hypersensibilité essaie de te dire » de Sabine Mercier, pour celles et ceux qu’on a toujours trouvés « trop ». Enregistre-la pour les jours où tu en as besoin.",https://www.amazon.fr/dp/B0H8PYJKFB/ref=pin_0059,2026-11-08T11:15:00,"hypersensibilité, hypersensible, haute sensibilité, citation hypersensibilité"
